NO,키워드,업체명,카테고리,전화번호,주소
1,압구정 결혼정보,제이노블 결혼정보,연애/결혼,1588-9345,서울특별시 강남구 신사동 612 4층
2,압구정 결혼정보,엔노블,연애/결혼,1577-2050,서울특별시 강남구 신사동 586-4 피코빌딩
3,압구정 결혼정보,노블리에 결혼정보 본점,연애/결혼,02-1800-1323,서울특별시 강남구 신사동 614 401호(신사동, 대언빌딩)
4,압구정 결혼정보,노블레스연 결혼정보,연애/결혼,1670-8799,서울특별시 강남구 신사동 664-7
5,압구정 결혼정보,아로하,연애/결혼,02-514-8242,서울특별시 강남구 신사동 612-1 압구정증권빌딩 6층
6,압구정 결혼정보,노블리에 결혼정보 VVIP CENTER,연애/결혼,02-542-9416,서울특별시 강남구 신사동 579 4층
7,압구정 결혼정보,라인스그룹,연애/결혼,02-1666-2564,서울특별시 강남구 신사동 541-7 3층
8,압구정 결혼정보,리리노블 결혼정보,연애/결혼,1833-6967,서울특별시 강남구 신사동 609-1 미승빌딩 6층 605호(오라클피부과건물6층)
9,압구정 결혼정보,아이오유,연애/결혼,1566-2572,서울특별시 강남구 신사동 597-5 1층
10,압구정 결혼정보,노블레스 뷰 결혼정보,연애/결혼,1800-8536,서울특별시 강남구 신사동 580 1층/3층
11,압구정 결혼정보,제이노블 결혼정보 1981매칭센터,연애/결혼,02-1800-1231,서울특별시 강남구 신사동 615 2층
12,압구정 결혼정보,노블레스봄결혼정보,연애/결혼,1599-6310,서울특별시 강남구 신사동 581
13,압구정 결혼정보,압구정블레스결혼정보,연애/결혼,02-511-7600,서울특별시 강남구 신사동 579-2 3층 302호
14,압구정 결혼정보,압구정결혼정보,연애/결혼,02-548-5995,서울특별시 강남구 신사동 614-7
15,압구정 결혼정보,노블레스뷰결혼정보신관,연애/결혼,,서울특별시 강남구 신사동 582-11
16,압구정 결혼정보,결혼의여신 주노,연애/결혼,02-515-7654,서울특별시 강남구 신사동 512-11 304
17,압구정 결혼정보,Highclassmatch,연애/결혼,02-6217-7272,서울특별시 강남구 압구정동 426
18,압구정 결혼정보,타임결혼정보회사,연애/결혼,02-518-0065,서울특별시 강남구 신사동 615
19,압구정 결혼정보,결혼정보회사 포렉스,연애/결혼,02-511-7659,서울특별시 강남구 신사동 512-11 304
20,압구정 결혼정보,노블리에 매칭연구소,생활/편의,1800-3036,서울특별시 강남구 신사동 580-2 4층
21,압구정 결혼정보,제이노블 결혼정보별관,기업/빌딩,1688-9345,서울특별시 강남구 신사동 612-2
22,압구정 결혼정보,제이노블 성형외과의원,병원/의원,02-543-3841,서울특별시 강남구 신사동  610-1 301호
23,압구정 결혼정보,퍼플스,연애/결혼,1588-3934,서울특별시 강남구 청담동 72-1 1층
24,압구정 결혼정보,노블레스수현,연애/결혼,02-540-4000,서울특별시 강남구 논현동 1
25,압구정 결혼정보,모두의지인결혼정보회사,연애/결혼,1668-1283,서울특별시 강남구 논현동 38-17 1층
26,압구정 결혼정보,노블리 결혼정보,연애/결혼,02-516-7220,서울특별시 강남구 논현동 84 송암빌딩 10층
27,압구정 결혼정보,디노블,연애/결혼,1588-2887,서울특별시 강남구 청담동 72-7 W타워 7층
28,압구정 결혼정보,노블레스청담결혼정보,연애/결혼,02-1666-8132,서울특별시 강남구 청담동 78-1 2층 2호
29,압구정 결혼정보,인연연서,연애/결혼,02-540-2007,서울특별시 강남구 논현동 118-4 5층 501-1호
30,압구정 결혼정보,에스노블,연애/결혼,02-3445-4777,서울특별시 강남구 청담동 101-7
31,압구정 결혼정보,해와달,연애/결혼,02-543-1700,서울특별시 강남구 청담동 68-19
32,압구정 결혼정보,르매리,연애/결혼,02-1588-3703,서울특별시 강남구 청담동 73-3 2층
33,압구정 결혼정보,크리스챤웨딩,연애/결혼,02-798-5811,서울특별시 용산구 한남동 257-13 수도빌딩 3층
34,압구정 결혼정보,윤앤아트,연애/결혼,02-547-1107,서울특별시 강남구 청담동 72-3
35,압구정 결혼정보,그레이스노블결혼정보,연애/결혼,02-523-5510,서울특별시 강남구 청담동 130-9 현대리버스빌딩 10층 1005호
36,압구정 결혼정보,골든브릿지 결혼정보,연애/결혼,02-541-5604,서울특별시 강남구 논현동 10-12
37,압구정 결혼정보,가연결혼정보 강남지점,연애/결혼,02-6219-5005,서울특별시 강남구 논현동 16-40
38,압구정 결혼정보,투데이월드,연애/결혼,02-583-2060,서울특별시 용산구 한남동 30-1
39,압구정 결혼정보,청솔결혼정보,연애/결혼,02-545-6633,서울특별시 강남구 논현동 113-15 금학빌딩 301
40,압구정 결혼정보,골든결혼정보,연애/결혼,070-4532-6826,서울특별시 서초구 잠원동
41,압구정 결혼정보,역삼결혼,연애/결혼,070-4565-4746,서울특별시 강남구 청담동
42,압구정 결혼정보,혼례종합정보센터,연애/결혼,02-793-7816,서울특별시 강남구 논현동 128-1 부국빌딩 303호
43,압구정 결혼정보,공주가웨딩정보센터,연애/결혼,02-1644-5570,서울특별시 강남구 논현동 242-35
44,압구정 결혼정보,그녀들의결혼,연애/결혼,010-3899-9986,서울특별시 강남구 논현동 241-3
45,압구정 결혼정보,웨디,소프트웨어개발,02-548-8584,서울특별시 강남구 논현동 64-24 401호
46,압구정 결혼정보,포레스트엔,소프트웨어개발,02-586-5813,서울특별시 강남구 논현동 6-4 3F
47,압구정 결혼정보,메리메리드,소프트웨어개발,02-915-1903,서울특별시 서초구 잠원동 19-5
48,압구정 결혼정보,압구정결혼정보,연애/결혼,02-6928-7929,서울특별시 서초구 반포동
49,압구정 결혼정보,디지털도어락,게이트맨,현관문출장열쇠,쇼핑/유통,070-8945-7708,서울특별시 강남구 압구정동
50,압구정 결혼정보,압구정결혼정보,연애/결혼,02-2135-3737,서울특별시 송파구 잠실동
51,압구정 결혼정보,압구정결혼정보,연애/결혼,02-988-7929,서울특별시 강북구 수유동
52,압구정 결혼정보,압구정결혼정보,연애/결혼,02-6949-5995,서울특별시 서초구 서초동
53,압구정 결혼정보,해피웨딩,연애/결혼,070-8141-1464,서울특별시 강남구 압구정동
54,압구정 결혼정보,해피웨딩,연애/결혼,070-8165-0955,서울특별시 강남구 신사동
55,압구정 결혼정보,중고폐컴퓨터수거매입기업용PC불용용품폐서버모니터통신장비,쇼핑/유통,070-8140-7013,서울특별시 강남구 청담동
56,압구정 결혼정보,아로하,연애/결혼,02-6956-7788,서울특별시 강남구 청담동
57,압구정 결혼정보,역삼결혼,연애/결혼,070-4565-9885,서울특별시 강남구 신사동
58,압구정 결혼정보,119누수탐지하수구뚫음,언수도해빙동파,건설업,070-8141-3670,서울특별시 서초구 잠원동
59,압구정 결혼정보,압구정결혼정보,연애/결혼,02-2039-7929,서울특별시 서초구 양재동 236
60,압구정 결혼정보,다연결혼정보원,연애/결혼,02-6285-3353,서울특별시 강남구 신사동
61,압구정 결혼정보,압구정결혼정보,연애/결혼,02-2138-5995,서울특별시 강남구 역삼동
62,압구정 결혼정보,24시체리홈케어출장스웨디시,미용,070-8947-8647,서울특별시 서초구 잠원동
63,압구정 결혼정보,역삼결혼,연애/결혼,070-4565-7924,서울특별시 서초구 잠원동
64,압구정 결혼정보,해피웨딩,연애/결혼,070-8165-8259,서울특별시 강남구 청담동
65,압구정 결혼정보,휴대폰포렌식핸드폰문자복원카카오톡복구,수리/AS,070-4546-9353,서울특별시 서초구 잠원동
66,압구정 결혼정보,자동차유리복원.앞유리돌빵용접.무료출장,쇼핑/유통,070-4528-7877,서울특별시 강남구 압구정동
67,압구정 결혼정보,에이스,연애/결혼,02-6952-8335,서울특별시 강남구 압구정동
68,압구정 결혼정보,서울결혼정보,연애/결혼,02-518-5007,서울특별시 강남구 압구정동
69,압구정 결혼정보,잉꼬결혼상담소강남,연애/결혼,02-543-3227,서울특별시 강남구 압구정동
70,압구정 결혼정보,골든결혼정보,연애/결혼,070-4511-8972,서울특별시 강남구 신사동
71,압구정 결혼정보,감성24시출장케어스웨디시,미용,070-8142-4128,서울특별시 서초구 잠원동
72,압구정 결혼정보,골든결혼정보,연애/결혼,070-4508-4595,서울특별시 강남구 청담동
73,압구정 결혼정보,아이엔에스,연애/결혼,02-2135-5560,서울특별시 강남구 압구정동
74,압구정 결혼정보,압구정결혼정보,연애/결혼,02-2088-5995,서울특별시 서초구 방배동
75,압구정 결혼정보,압구정결혼정보,연애/결혼,02-6953-7929,서울특별시 용산구 한남동
76,압구정 결혼정보,역삼결혼,연애/결혼,070-4565-7145,서울특별시 강남구 압구정동
77,압구정 결혼정보,압구정결혼정보,연애/결혼,02-6927-5995,서울특별시 종로구 종로1가
78,압구정 결혼정보,해피웨딩,연애/결혼,070-4546-5245,서울특별시 성동구 성수1가1동
79,압구정 결혼정보,해피웨딩,연애/결혼,070-8141-4679,서울특별시 서초구 잠원동
80,압구정 결혼정보,해피웨딩,연애/결혼,070-8140-8158,서울특별시 성동구 옥수동
81,대치동 결혼정보,클렌베리,연애/결혼,02-538-0268,서울특별시 강남구 대치동 1001-16
82,대치동 결혼정보,노블리제결혼정보,연애/결혼,02-557-1199,서울특별시 강남구 대치동 889-5 샹제리제센터 6층
83,대치동 결혼정보,와이티앤피플,연애/결혼,1577-1527,서울특별시 강남구 대치동 944-29 은탑타워 II 6층
84,대치동 결혼정보,예가원결혼정보회사,연애/결혼,02-566-1242,서울특별시 강남구 대치동 889-5
85,대치동 결혼정보,강남잉꼬결혼상담소,연애/결혼,02-561-6662,서울특별시 강남구 대치동
86,대치동 결혼정보,노블여우,연애/결혼,02-538-3980,서울특별시 강남구 대치동 890-54 풍림아이원레몬오피스 913호
87,대치동 결혼정보,청연결혼정보,연애/결혼,010-2787-0486,서울특별시 강남구 대치동 943-9
88,대치동 결혼정보,중매장이,연애/결혼,02-2051-5382,서울특별시 강남구 대치동 889-5
89,대치동 결혼정보,가우결혼정보,연애/결혼,02-2202-0022,서울특별시 강남구 대치동 956-16 비전빌딩 3층
90,대치동 결혼정보,한국결혼정보관리협회,생활/편의,02-538-8272,서울특별시 강남구 대치동 889-47 상제리제 1205호
91,대치동 결혼정보,퍼플스,연애/결혼,1588-3934,서울특별시 강남구 청담동 72-1 1층
92,대치동 결혼정보,가연결혼정보,연애/결혼,02-500-5555,서울특별시 강남구 역삼동 720-1
93,대치동 결혼정보,디노블,연애/결혼,1588-2887,서울특별시 강남구 청담동 72-7 W타워 7층
94,대치동 결혼정보,노블레스 메리미,연애/결혼,02-516-9080,서울특별시 강남구 삼성동 77-11
95,대치동 결혼정보,이루연,연애/결혼,02-514-3651,서울특별시 강남구 역삼동 705-9
96,대치동 결혼정보,인연연서,연애/결혼,02-540-2007,서울특별시 강남구 논현동 118-4 5층 501-1호
97,대치동 결혼정보,선,연애/결혼,010-2332-9808,서울특별시 강남구 도곡동 467-24 우성캐릭터199 1703호
98,대치동 결혼정보,노블홍,연애/결혼,1800-8194,서울특별시 강남구 역삼동 705-24 5F ( , 동인빌딩 )
99,대치동 결혼정보,르매리,연애/결혼,02-1588-3703,서울특별시 강남구 청담동 73-3 2층
100,대치동 결혼정보,기독교결혼강남임마누엘,연애/결혼,02-565-8802,서울특별시 강남구 삼성동 140-3
101,대치동 결혼정보,윤앤아트,연애/결혼,02-547-1107,서울특별시 강남구 청담동 72-3
102,대치동 결혼정보,스페셜데이,연애/결혼,02-549-4600,서울특별시 강남구 삼성동 78-3 원일빌딩 603호
103,대치동 결혼정보,노블레스 미래지향,연애/결혼,02-2057-0093,서울특별시 강남구 도곡동 168 SK리더스뷰 407호
104,대치동 결혼정보,뉴스마트결혼정보,연애/결혼,02-569-0511,서울특별시 송파구 잠실동 340-23 홍익빌딩 302호
105,대치동 결혼정보,강남잉꼬결혼상담소,연애/결혼,02-417-6668,서울특별시 송파구 잠실동
106,대치동 결혼정보,백년가약결혼정보,연애/결혼,,서울특별시 강남구 역삼동 677
107,대치동 결혼정보,청담결혼정보,연애/결혼,02-552-3143,서울특별시 강남구 삼성동 112-5 317호
108,대치동 결혼정보,다인채널,연애/결혼,010-5614-6686,서울특별시 강남구 논현동 277-20 아모제논현빌딩 2층 2114호
109,대치동 결혼정보,결혼정보회사청담언니,연애/결혼,010-6667-9292,서울특별시 강남구 역삼동 683-26
110,대치동 결혼정보,공주가웨딩정보센터,연애/결혼,02-1644-5570,서울특별시 강남구 논현동 242-35
111,대치동 결혼정보,그녀들의결혼,연애/결혼,010-3899-9986,서울특별시 강남구 논현동 241-3
112,대치동 결혼정보,역삼결혼,연애/결혼,070-4540-1042,서울특별시 송파구 잠실동
113,대치동 결혼정보,24시출장그린스웨디시홈케어,미용,070-8123-4709,서울특별시 송파구 잠실동
114,대치동 결혼정보,해피웨딩,연애/결혼,070-8140-4969,서울특별시 송파구 잠실동
115,대치동 결혼정보,압구정결혼정보,연애/결혼,02-2135-3737,서울특별시 송파구 잠실동
116,대치동 결혼정보,역삼결혼,연애/결혼,070-4565-2090,서울특별시 강남구 개포동
117,대치동 결혼정보,역삼결혼,연애/결혼,070-4565-9120,서울특별시 강남구 일원동
118,대치동 결혼정보,다린결혼정보,연애/결혼,02-6933-8855,서울특별시 강남구 삼성동
119,대치동 결혼정보,해피웨딩,연애/결혼,070-8140-1115,서울특별시 강남구 대치동
120,대치동 결혼정보,좋은날결혼정보업체,연애/결혼,02-6952-3479,서울특별시 송파구 잠실동
121,대치동 결혼정보,역삼결혼,연애/결혼,070-4565-7037,서울특별시 강남구 대치동
122,대치동 결혼정보,골든결혼정보,연애/결혼,070-4551-8778,서울특별시 강남구 개포동
123,대치동 결혼정보,서울결혼정보,연애/결혼,02-6933-4351,서울특별시 강남구 개포동
124,대치동 결혼정보,역삼결혼,연애/결혼,070-4539-7291,서울특별시 강남구 삼성동
125,대치동 결혼정보,역삼결혼,연애/결혼,070-4558-0966,서울특별시 강남구 도곡동
126,대치동 결혼정보,삼성엘지캐리어냉난방에어컨이전설치수리,수리/AS,070-8141-2377,서울특별시 강남구 개포동
127,대치동 결혼정보,24시강아지분양애견말티푸토이푸들미니비숑,생활/편의,070-4529-3253,서울특별시 강남구 대치동
128,대치동 결혼정보,열쇠출장전문번호키디지털도어록금강열쇠,쇼핑/유통,070-4529-3432,서울특별시 강남구 개포동
129,대치동 결혼정보,케이테크CCTV설치씨씨티비렌탈판매AS,제조업,070-4562-4063,서울특별시 강남구 일원동
130,대치동 결혼정보,올리고사다리차,임대/대여,070-4556-1397,서울특별시 송파구 잠실동
131,대치동 결혼정보,골든결혼정보,연애/결혼,070-4508-8955,서울특별시 강남구 일원동
132,대치동 결혼정보,중고폐컴퓨터수거매입기업용PC불용용품폐서버모니터통신장비,쇼핑/유통,070-8140-3862,서울특별시 강남구 삼성동
133,대치동 결혼정보,골든결혼정보,연애/결혼,070-4540-9335,서울특별시 송파구 잠실동
134,대치동 결혼정보,다연결혼정보원,연애/결혼,02-6264-3365,서울특별시 강남구 대치동
135,대치동 결혼정보,스마트국제결혼,연애/결혼,02-6954-2332,서울특별시 송파구 잠실동
136,대치동 결혼정보,연리지108인연,연애/결혼,02-6956-5661,서울특별시 송파구 잠실동
137,대치동 결혼정보,골든결혼정보,연애/결혼,070-4508-9380,서울특별시 강남구 대치동
138,대치동 결혼정보,해피웨딩,연애/결혼,070-8141-8694,서울특별시 강남구 일원동
139,대치동 결혼정보,서울꽃집성심장례식장경찰병원중앙경희이대,생활/편의,070-8142-5517,서울특별시 강남구 개포동
140,대치동 결혼정보,골든결혼정보,연애/결혼,070-4508-5715,서울특별시 강남구 삼성동
141,대치동 결혼정보,해피웨딩,연애/결혼,070-8142-8519,서울특별시 강남구 삼성동
142,대치동 결혼정보,해피웨딩,연애/결혼,070-8149-2691,서울특별시 강남구 도곡동
143,대치동 결혼정보,해피웨딩,연애/결혼,070-8140-5410,서울특별시 강남구 개포동
144,청담동 결혼정보,퍼플스,연애/결혼,1588-3934,서울특별시 강남구 청담동 72-1 1층
145,청담동 결혼정보,디노블,연애/결혼,1588-2887,서울특별시 강남구 청담동 72-7 W타워 7층
146,청담동 결혼정보,노블레스청담결혼정보,연애/결혼,02-1666-8132,서울특별시 강남구 청담동 78-1 2층 2호
147,청담동 결혼정보,에스노블,연애/결혼,02-3445-4777,서울특별시 강남구 청담동 101-7
148,청담동 결혼정보,해와달,연애/결혼,02-543-1700,서울특별시 강남구 청담동 68-19
149,청담동 결혼정보,르매리,연애/결혼,02-1588-3703,서울특별시 강남구 청담동 73-3 2층
150,청담동 결혼정보,윤앤아트,연애/결혼,02-547-1107,서울특별시 강남구 청담동 72-3
151,청담동 결혼정보,그레이스노블결혼정보,연애/결혼,02-523-5510,서울특별시 강남구 청담동 130-9 현대리버스빌딩 10층 1005호
152,청담동 결혼정보,역삼결혼,연애/결혼,070-4565-4746,서울특별시 강남구 청담동
153,청담동 결혼정보,제이노블 결혼정보,연애/결혼,1588-9345,서울특별시 강남구 신사동 612 4층
154,청담동 결혼정보,노블리 결혼정보,연애/결혼,02-516-7220,서울특별시 강남구 논현동 84 송암빌딩 10층
155,청담동 결혼정보,노블리에 결혼정보 본점,연애/결혼,02-1800-1323,서울특별시 강남구 신사동 614 401호(신사동, 대언빌딩)
156,청담동 결혼정보,노블레스연 결혼정보,연애/결혼,1670-8799,서울특별시 강남구 신사동 664-7
157,청담동 결혼정보,아로하,연애/결혼,02-514-8242,서울특별시 강남구 신사동 612-1 압구정증권빌딩 6층
158,청담동 결혼정보,노블레스 메리미,연애/결혼,02-516-9080,서울특별시 강남구 삼성동 77-11
159,청담동 결혼정보,리리노블 결혼정보,연애/결혼,1833-6967,서울특별시 강남구 신사동 609-1 미승빌딩 6층 605호(오라클피부과건물6층)
160,청담동 결혼정보,인연연서,연애/결혼,02-540-2007,서울특별시 강남구 논현동 118-4 5층 501-1호
161,청담동 결혼정보,아이오유,연애/결혼,1566-2572,서울특별시 강남구 신사동 597-5 1층
162,청담동 결혼정보,클렌베리,연애/결혼,02-538-0268,서울특별시 강남구 대치동 1001-16
163,청담동 결혼정보,제이노블 결혼정보 1981매칭센터,연애/결혼,02-1800-1231,서울특별시 강남구 신사동 615 2층
164,청담동 결혼정보,에떼르넬,연애/결혼,02-466-1694,서울특별시 광진구 자양동 10-29
165,청담동 결혼정보,첫눈결혼정보,연애/결혼,1688-1986,서울특별시 성동구 성수동2가 273-61
166,청담동 결혼정보,다오정보,연애/결혼,02-543-2888,서울특별시 강남구 논현동 191-13
167,청담동 결혼정보,스페셜데이,연애/결혼,02-549-4600,서울특별시 강남구 삼성동 78-3 원일빌딩 603호
168,청담동 결혼정보,유노블레스결혼정보,연애/결혼,02-545-5579,서울특별시 강남구 논현동 232-19
169,청담동 결혼정보,청솔결혼정보,연애/결혼,02-545-6633,서울특별시 강남구 논현동 113-15 금학빌딩 301
170,청담동 결혼정보,타임결혼정보회사,연애/결혼,02-518-0065,서울특별시 강남구 신사동 615
171,청담동 결혼정보,청담결혼정보,연애/결혼,02-552-3143,서울특별시 강남구 삼성동 112-5 317호
172,청담동 결혼정보,다인채널,연애/결혼,010-5614-6686,서울특별시 강남구 논현동 277-20 아모제논현빌딩 2층 2114호
173,청담동 결혼정보,백영아이앤씨,연애/결혼,02-3446-8389,서울특별시 강남구 논현동 190-10
174,청담동 결혼정보,압구정결혼정보,연애/결혼,02-548-5995,서울특별시 강남구 신사동 614-7
175,청담동 결혼정보,결혼정보회사청담언니,연애/결혼,010-6667-9292,서울특별시 강남구 역삼동 683-26
176,청담동 결혼정보,혼례종합정보센터,연애/결혼,02-793-7816,서울특별시 강남구 논현동 128-1 부국빌딩 303호
177,청담동 결혼정보,공주가웨딩정보센터,연애/결혼,02-1644-5570,서울특별시 강남구 논현동 242-35
178,청담동 결혼정보,제이노블 결혼정보별관,기업/빌딩,1688-9345,서울특별시 강남구 신사동 612-2
179,청담동 결혼정보,웨디,소프트웨어개발,02-548-8584,서울특별시 강남구 논현동 64-24 401호
180,청담동 결혼정보,그녀들의결혼,연애/결혼,010-3899-9986,서울특별시 강남구 논현동 241-3
181,청담동 결혼정보,디지털도어락,게이트맨,현관문출장열쇠,쇼핑/유통,070-8945-7708,서울특별시 강남구 압구정동
182,청담동 결혼정보,다린결혼정보,연애/결혼,02-6933-8855,서울특별시 강남구 삼성동
183,청담동 결혼정보,해피웨딩,연애/결혼,070-8141-1464,서울특별시 강남구 압구정동
184,청담동 결혼정보,중고폐컴퓨터수거매입기업용PC불용용품폐서버모니터통신장비,쇼핑/유통,070-8140-7013,서울특별시 강남구 청담동
185,청담동 결혼정보,아로하,연애/결혼,02-6956-7788,서울특별시 강남구 청담동
186,청담동 결혼정보,역삼결혼,연애/결혼,070-4539-7291,서울특별시 강남구 삼성동
187,청담동 결혼정보,역삼결혼,연애/결혼,070-4528-2561,서울특별시 성동구 성수동2가
188,청담동 결혼정보,해피웨딩,연애/결혼,070-8165-8259,서울특별시 강남구 청담동
189,청담동 결혼정보,자동차유리복원.앞유리돌빵용접.무료출장,쇼핑/유통,070-4528-7877,서울특별시 강남구 압구정동
190,청담동 결혼정보,에이스,연애/결혼,02-6952-8335,서울특별시 강남구 압구정동
191,청담동 결혼정보,중고폐컴퓨터수거매입기업용PC불용용품폐서버모니터통신장비,쇼핑/유통,070-8140-3862,서울특별시 강남구 삼성동
192,청담동 결혼정보,서울결혼정보,연애/결혼,02-518-5007,서울특별시 강남구 압구정동
193,청담동 결혼정보,잉꼬결혼상담소강남,연애/결혼,02-543-3227,서울특별시 강남구 압구정동
194,청담동 결혼정보,골든결혼정보,연애/결혼,070-4508-4595,서울특별시 강남구 청담동
195,청담동 결혼정보,아이엔에스,연애/결혼,02-2135-5560,서울특별시 강남구 압구정동
196,청담동 결혼정보,골든결혼정보,연애/결혼,070-4508-5715,서울특별시 강남구 삼성동
197,청담동 결혼정보,해피웨딩,연애/결혼,070-8142-8519,서울특별시 강남구 삼성동
198,청담동 결혼정보,역삼결혼,연애/결혼,070-4565-7145,서울특별시 강남구 압구정동
199,청담동 결혼정보,해피웨딩,연애/결혼,070-4546-5245,서울특별시 성동구 성수1가1동
200,도곡동 결혼정보,선,연애/결혼,010-2332-9808,서울특별시 강남구 도곡동 467-24 우성캐릭터199 1703호
201,도곡동 결혼정보,노블레스 미래지향,연애/결혼,02-2057-0093,서울특별시 강남구 도곡동 168 SK리더스뷰 407호
202,도곡동 결혼정보,어디나,소프트웨어개발,070-7913-2222,서울특별시 강남구 도곡동 943-2 서한빌딩 2층
203,도곡동 결혼정보,듀오결혼정보,연애/결혼,1577-8333,서울특별시 강남구 역삼동 820-9 글라스타워 12층
204,도곡동 결혼정보,가연결혼정보,연애/결혼,02-500-5555,서울특별시 강남구 역삼동 720-1
205,도곡동 결혼정보,바로연 결혼정보,연애/결혼,02-2188-6505,서울특별시 강남구 역삼동 649-10 서림빌딩 4층
206,도곡동 결혼정보,바닐라브릿지,연애/결혼,070-5176-7766,서울특별시 강남구 역삼동 645-18
207,도곡동 결혼정보,이루연,연애/결혼,02-514-3651,서울특별시 강남구 역삼동 705-9
208,도곡동 결혼정보,노블홍,연애/결혼,1800-8194,서울특별시 강남구 역삼동 705-24 5F ( , 동인빌딩 )
209,도곡동 결혼정보,연우결혼정보,연애/결혼,02-585-8485,서울특별시 서초구 서초동 1316-5 부티끄 모나코 B동 701호
210,도곡동 결혼정보,임페리얼클럽 강남지사,연애/결혼,02-521-4405,서울특별시 서초구 서초동 1319-12 두산베어스텔 610
211,도곡동 결혼정보,노블리제결혼정보,연애/결혼,02-557-1199,서울특별시 강남구 대치동 889-5 샹제리제센터 6층
212,도곡동 결혼정보,에이노블,연애/결혼,02-6235-5451,서울특별시 서초구 서초동 1319-11 두산베어스텔 1403B호
213,도곡동 결혼정보,맺음 강남센터,연애/결혼,02-3141-0650,서울특별시 강남구 역삼동 739-16
214,도곡동 결혼정보,위드사랑 두물머리,연애/결혼,02-3447-2080,서울특별시 서초구 서초동 1319-12 두산베어스텔 803호
215,도곡동 결혼정보,웨디안,연애/결혼,1577-3322,서울특별시 강남구 역삼동 831-17 경원빌딩 13층
216,도곡동 결혼정보,나우결혼정보회사,연애/결혼,02-525-5100,서울특별시 서초구 서초동 1338-21
217,도곡동 결혼정보,닥스결혼정보,연애/결혼,02-508-0133,서울특별시 강남구 역삼동 641-20 , 와이앤씨빌딩6층
218,도곡동 결혼정보,노블신,연애/결혼,010-3439-3789,서울특별시 서초구 서초동 1319-11 16층
219,도곡동 결혼정보,가나혼인잔치,연애/결혼,1666-1077,서울특별시 강남구 역삼동 824-19
220,도곡동 결혼정보,라쿠엔코리아,연애/결혼,02-554-9462,서울특별시 강남구 역삼동 832-7
221,도곡동 결혼정보,레드결혼정보,연애/결혼,02-1566-3854,서울특별시 강남구 역삼동 641-20
222,도곡동 결혼정보,강남인연,연애/결혼,02-556-1239,서울특별시 강남구 역삼동 752-53 105호
223,도곡동 결혼정보,연리지108인연,연애/결혼,02-501-7350,서울특별시 서초구 서초동 1319-11
224,도곡동 결혼정보,강남로얄결혼정보,연애/결혼,02-555-6377,서울특별시 강남구 역삼1동 642-19 역삼하이츠빌딩 811호
225,도곡동 결혼정보,예은결혼정보,연애/결혼,02-588-6242,서울특별시 서초구 서초동 1328-7 도씨에빛. 1107호
226,도곡동 결혼정보,기독명가,연애/결혼,02-3210-1492,서울특별시 강남구 역삼동 642-6 성지하이츠3차 1112호
227,도곡동 결혼정보,열매결혼,연애/결혼,02-508-5262,서울특별시 강남구 역삼동 642-19 역삼하이츠빌딩 817호
228,도곡동 결혼정보,다연결혼정보원,연애/결혼,02-555-3368,서울특별시 강남구 역삼동 642-19
229,도곡동 결혼정보,가연결혼정보 서초지점,연애/결혼,02-6298-5005,서울특별시 서초구 양재동 268-2
230,도곡동 결혼정보,강남닥스결혼정보회사,연애/결혼,02-585-7778,서울특별시 서초구 서초동 1328-11 1902호
231,도곡동 결혼정보,성혼마당MARRYN,연애/결혼,02-558-0280,서울특별시 강남구 역삼동 642-19
232,도곡동 결혼정보,오솔레미오,연애/결혼,070-8226-7474,서울특별시 강남구 역삼동 642-19 역삼하이츠빌딩 1318호
233,도곡동 결혼정보,위노블결혼정보,연애/결혼,02-586-0044,서울특별시 서초구 서초동 1319-11
234,도곡동 결혼정보,정연결혼정보,연애/결혼,02-567-7301,서울특별시 강남구 역삼동 648
235,도곡동 결혼정보,구룡사결혼상담소,연애/결혼,02-571-2255,서울특별시 서초구 양재2동 399-1
236,도곡동 결혼정보,예가원결혼정보회사,연애/결혼,02-566-1242,서울특별시 강남구 대치동 889-5
237,도곡동 결혼정보,강남잉꼬결혼상담소,연애/결혼,02-561-6662,서울특별시 강남구 대치동
238,도곡동 결혼정보,역삼결혼,연애/결혼,02-555-2422,서울특별시 강남구 역삼동 642-19 1511호
239,도곡동 결혼정보,비비결혼정보,연애/결혼,02-569-0738,서울특별시 강남구 역삼동 642-19 역삼하이츠 빌딩 1805호
240,도곡동 결혼정보,강남잉꼬결혼상담소,연애/결혼,02-508-6660,서울특별시 강남구 역삼동
241,도곡동 결혼정보,예일결혼,연애/결혼,02-567-9777,서울특별시 강남구 논현동 203-1 거평타운 1304호
242,도곡동 결혼정보,결혼마당,연애/결혼,02-516-2626,서울특별시 서초구 서초동 1316-5 부띠크모나코 B동 1001호
243,도곡동 결혼정보,백년가약결혼정보,연애/결혼,,서울특별시 강남구 역삼동 677
244,도곡동 결혼정보,아띠랑스,연애/결혼,02-554-1410,서울특별시 서초구 서초동 1319-11 두산베어스텔빌딩 2106호
245,도곡동 결혼정보,월드결혼정보,연애/결혼,02-515-7302,서울특별시 강남구 역삼동 837-17 삼성애니텔 612
246,도곡동 결혼정보,우리결혼정보,연애/결혼,02-588-5185,서울특별시 서초구 서초2동 1319-11 두산베어스텔 904호
247,도곡동 결혼정보,듀엣,연애/결혼,02-3453-6338,서울특별시 강남구 역삼동 642-19 역삼하이츠빌딩 1213호
248,도곡동 결혼정보,매일웨딩베트남,연애/결혼,02-521-0190,서울특별시 서초구 서초동 1319-11 두산베어스텔15층1호
249,도곡동 결혼정보,웨딩결혼정보,연애/결혼,02-566-1191,서울특별시 강남구 역삼동 642-19
250,도곡동 결혼정보,노블여우,연애/결혼,02-538-3980,서울특별시 강남구 대치동 890-54 풍림아이원레몬오피스 913호
251,도곡동 결혼정보,대성웨딩결혼정보사,연애/결혼,02-735-7501,서울특별시 강남구 역삼1동 642-19
252,도곡동 결혼정보,늘사랑결혼정보회사,연애/결혼,02-586-1346,서울특별시 서초구 서초2동 1319-11 두산베어스텔 703호
253,도곡동 결혼정보,마벨클럽,연애/결혼,02-555-7103,서울특별시 서초구 서초동 1319-13 현대타워 8층
254,도곡동 결혼정보,중매장이,연애/결혼,02-2051-5382,서울특별시 강남구 대치동 889-5
255,도곡동 결혼정보,가우결혼정보,연애/결혼,02-2202-0022,서울특별시 강남구 대치동 956-16 비전빌딩 3층
256,도곡동 결혼정보,수정,연애/결혼,02-534-4888,서울특별시 서초구 서초2동 1319-11
257,도곡동 결혼정보,대한민국결혼,연애/결혼,02-532-2900,서울특별시 서초구 서초동 1328-11
258,도곡동 결혼정보,커플뉴스,연애/결혼,02-558-2344,서울특별시 강남구 역삼동 642-16 성지하이츠ll 8층 811호
259,도곡동 결혼정보,나일락,연애/결혼,02-523-7656,서울특별시 강남구 역삼동 642-19 역삼하이츠빌 19층 11호
260,도곡동 결혼정보,한국결혼정보관리협회,생활/편의,02-538-8272,서울특별시 강남구 대치동 889-47 상제리제 1205호
261,도곡동 결혼정보,웨딩퀵,소프트웨어개발,010-9731-6787,서울특별시 강남구 역삼동 642-10 9층
262,도곡동 결혼정보,민트핑크 웨딩,컴퓨터프로그래밍/정보서비스업,02-1522-7893,서울특별시 강남구 역삼동 736-6
263,도곡동 결혼정보,해피웨딩,연애/결혼,070-8149-9917,서울특별시 서초구 양재동
264,도곡동 결혼정보,골든결혼정보,연애/결혼,070-4508-8491,서울특별시 서초구 양재동 236
265,도곡동 결혼정보,역삼결혼,연애/결혼,070-4565-2090,서울특별시 강남구 개포동
266,도곡동 결혼정보,해피웨딩,연애/결혼,070-8140-1115,서울특별시 강남구 대치동
267,도곡동 결혼정보,막힌하수구뚫음싱크대막힘막힌변기뚫는수도,건설업,070-8141-3915,서울특별시 서초구 양재동
268,도곡동 결혼정보,역삼결혼,연애/결혼,070-4565-7037,서울특별시 강남구 대치동
269,도곡동 결혼정보,골든결혼정보,연애/결혼,070-4551-8778,서울특별시 강남구 개포동
270,도곡동 결혼정보,서울결혼정보,연애/결혼,02-6933-4351,서울특별시 강남구 개포동
271,도곡동 결혼정보,서울결혼정보,연애/결혼,02-564-3360,서울특별시 강남구 역삼동
272,도곡동 결혼정보,역삼결혼,연애/결혼,070-4558-0966,서울특별시 강남구 도곡동
273,도곡동 결혼정보,삼성엘지캐리어냉난방에어컨이전설치수리,수리/AS,070-8141-2377,서울특별시 강남구 개포동
274,도곡동 결혼정보,압구정결혼정보,연애/결혼,02-2039-7929,서울특별시 서초구 양재동 236
275,도곡동 결혼정보,아로하결혼정보회사,연애/결혼,02-553-8212,서울특별시 강남구 역삼동
276,도곡동 결혼정보,24시강아지분양애견말티푸토이푸들미니비숑,생활/편의,070-4529-3253,서울특별시 강남구 대치동
277,도곡동 결혼정보,압구정결혼정보,연애/결혼,02-2138-5995,서울특별시 강남구 역삼동
278,도곡동 결혼정보,해피웨딩,연애/결혼,070-8164-7684,서울특별시 강남구 역삼동
279,도곡동 결혼정보,대한민국결혼,연애/결혼,02-3474-0085,서울특별시 강남구 역삼1동
280,도곡동 결혼정보,서울성모병원장례식장조화꽃화환강남꽃집,생활/편의,070-8140-7958,서울특별시 서초구 양재동
281,도곡동 결혼정보,열쇠출장전문번호키디지털도어록금강열쇠,쇼핑/유통,070-4529-3432,서울특별시 강남구 개포동
282,도곡동 결혼정보,좋은날결혼정보업체,연애/결혼,02-6951-4479,서울특별시 강남구 역삼동
283,도곡동 결혼정보,다연결혼정보원,연애/결혼,02-6264-3365,서울특별시 강남구 대치동
284,도곡동 결혼정보,스마트국제결혼,연애/결혼,02-6949-0096,서울특별시 강남구 역삼동
285,도곡동 결혼정보,골든결혼정보,연애/결혼,070-4508-9853,서울특별시 강남구 도곡동
286,도곡동 결혼정보,골든결혼정보,연애/결혼,070-4508-9380,서울특별시 강남구 대치동
287,도곡동 결혼정보,골든결혼정보,연애/결혼,070-4511-8570,서울특별시 강남구 역삼동
288,도곡동 결혼정보,역삼결혼,연애/결혼,070-4540-0267,서울특별시 강남구 역삼동
289,도곡동 결혼정보,서울꽃집성심장례식장경찰병원중앙경희이대,생활/편의,070-8142-5517,서울특별시 강남구 개포동
290,도곡동 결혼정보,위드사랑,연애/결혼,02-6951-1183,서울특별시 강남구 역삼동
291,도곡동 결혼정보,해피웨딩,연애/결혼,070-8149-2691,서울특별시 강남구 도곡동
292,도곡동 결혼정보,해피웨딩,연애/결혼,070-8140-5410,서울특별시 강남구 개포동
293,도곡동 결혼정보,연리지108인연,연애/결혼,02-6956-5244,서울특별시 강남구 역삼동
294,한남동 결혼정보,크리스챤웨딩,연애/결혼,02-798-5811,서울특별시 용산구 한남동 257-13 수도빌딩 3층
295,한남동 결혼정보,투데이월드,연애/결혼,02-583-2060,서울특별시 용산구 한남동 30-1
296,한남동 결혼정보,노블레스수현,연애/결혼,02-540-4000,서울특별시 강남구 논현동 1
297,한남동 결혼정보,노블리에 결혼정보 VVIP CENTER,연애/결혼,02-542-9416,서울특별시 강남구 신사동 579 4층
298,한남동 결혼정보,라인스그룹,연애/결혼,02-1666-2564,서울특별시 강남구 신사동 541-7 3층
299,한남동 결혼정보,노블레스 뷰 결혼정보,연애/결혼,1800-8536,서울특별시 강남구 신사동 580 1층/3층
300,한남동 결혼정보,중국결혼좋은인연,연애/결혼,02-2275-9203,서울특별시 중구 필동2가 78-4
301,한남동 결혼정보,압구정블레스결혼정보,연애/결혼,02-511-7600,서울특별시 강남구 신사동 579-2 3층 302호
302,한남동 결혼정보,골든브릿지 결혼정보,연애/결혼,02-541-5604,서울특별시 강남구 논현동 10-12
303,한남동 결혼정보,가연결혼정보 강남지점,연애/결혼,02-6219-5005,서울특별시 강남구 논현동 16-40
304,한남동 결혼정보,결혼의여신 주노,연애/결혼,02-515-7654,서울특별시 강남구 신사동 512-11 304
305,한남동 결혼정보,해피웨딩,연애/결혼,070-8140-8926,서울특별시 용산구 보광동
306,한남동 결혼정보,Highclassmatch,연애/결혼,02-6217-7272,서울특별시 강남구 압구정동 426
307,한남동 결혼정보,결혼정보회사 포렉스,연애/결혼,02-511-7659,서울특별시 강남구 신사동 512-11 304
308,한남동 결혼정보,골든결혼정보,연애/결혼,070-4532-6826,서울특별시 서초구 잠원동
309,한남동 결혼정보,SY Membership 연애정보,생활/편의,1522-7635,서울특별시 성동구 금호동3가 396
310,한남동 결혼정보,포레스트엔,소프트웨어개발,02-586-5813,서울특별시 강남구 논현동 6-4 3F
311,한남동 결혼정보,메리메리드,소프트웨어개발,02-915-1903,서울특별시 서초구 잠원동 19-5
312,한남동 결혼정보,해피웨딩,연애/결혼,070-8141-9911,서울특별시 중구 동화동
313,한남동 결혼정보,해피웨딩,연애/결혼,070-8142-3542,서울특별시 용산구 서빙고동
314,한남동 결혼정보,중고에어컨매입판매자설치냉난방기시스템에어컨천정형,쇼핑/유통,070-4535-9282,서울특별시 용산구 이태원동
315,한남동 결혼정보,해피웨딩,연애/결혼,070-8141-7809,서울특별시 용산구 동빙고동
316,한남동 결혼정보,막힌하수구뚫음싱크대막힘막힌변기뚫는수도,건설업,070-8140-7960,서울특별시 용산구 한남동
317,한남동 결혼정보,감성24시출장케어스웨디시,미용,070-8169-2524,서울특별시 용산구 주성동
318,한남동 결혼정보,해피웨딩,연애/결혼,070-8165-0955,서울특별시 강남구 신사동
319,한남동 결혼정보,역삼결혼,연애/결혼,070-4565-9885,서울특별시 강남구 신사동
320,한남동 결혼정보,골든결혼정보,연애/결혼,070-4532-7391,서울특별시 용산구 이태원동
321,한남동 결혼정보,119누수탐지하수구뚫음,언수도해빙동파,건설업,070-8141-3670,서울특별시 서초구 잠원동
322,한남동 결혼정보,다연결혼정보원,연애/결혼,02-6285-3353,서울특별시 강남구 신사동
323,한남동 결혼정보,24시체리홈케어출장스웨디시,미용,070-8947-8647,서울특별시 서초구 잠원동
324,한남동 결혼정보,역삼결혼,연애/결혼,070-4565-6944,서울특별시 용산구 한남동
325,한남동 결혼정보,출장24시열쇠도어락번호키게이트맨현관문수리유리문수리,쇼핑/유통,070-4535-5920,서울특별시 용산구 한남동
326,한남동 결혼정보,막힌하수구뚫음싱크대막힘막힌변기뚫는수도,건설업,070-8141-4212,서울특별시 용산구 주성동
327,한남동 결혼정보,골든결혼정보,연애/결혼,070-4532-6853,서울특별시 용산구 보광동
328,한남동 결혼정보,역삼결혼,연애/결혼,070-4565-7924,서울특별시 서초구 잠원동
329,한남동 결혼정보,휴대폰포렌식핸드폰문자복원카카오톡복구,수리/AS,070-4546-9353,서울특별시 서초구 잠원동
330,한남동 결혼정보,골든결혼정보,연애/결혼,070-4540-8777,서울특별시 용산구 한남동
331,한남동 결혼정보,해피웨딩,연애/결혼,070-8141-9264,서울특별시 용산구 주성동
332,한남동 결혼정보,골든결혼정보,연애/결혼,070-4511-8972,서울특별시 강남구 신사동
333,한남동 결혼정보,감성24시출장케어스웨디시,미용,070-8142-4128,서울특별시 서초구 잠원동
334,한남동 결혼정보,해피웨딩,연애/결혼,070-4546-7776,서울특별시 용산구 이태원1동
335,한남동 결혼정보,서울결혼정보,연애/결혼,02-6933-3006,서울특별시 용산구 한남동
336,한남동 결혼정보,압구정결혼정보,연애/결혼,02-6953-7929,서울특별시 용산구 한남동
337,한남동 결혼정보,해피웨딩,연애/결혼,070-8140-5929,서울특별시 중구 예장동
338,한남동 결혼정보,해피웨딩,연애/결혼,070-8140-8598,서울특별시 용산구 한남동
339,한남동 결혼정보,해피웨딩,연애/결혼,070-8141-4679,서울특별시 서초구 잠원동
340,한남동 결혼정보,해피웨딩,연애/결혼,070-8140-8158,서울특별시 성동구 옥수동
